Workbook

Sheet Sheet1
A1: id | B1: slug | C1: name | D1: start_year | E1: end_year | F1: is_extant | G1: latitude | H1: longitude | I1: W3W | J1: architecture | K1: is_gmc | L1: notes
A2: 1 | B2: aeolus-view-camp | C2: Aeolus View Camp | D2: 1922 | E2: 1932 | F2: =NOT(ISNUMBER(E2)) -> FALSE | G2: 43.203333 | H2: -72.960156 | I2: =W3WCONVERTTO3WA(G2,H2) -> #ERROR! | K2: TRUE
A3: 2 | B3: aldrich-job-camp | C3: Aldrich Job Camp | D3: 1910 | E3: 1930 | F3: =NOT(ISNUMBER(E3)) -> FALSE | G3: 43.4105 | H3: -72.944497 | K3: FALSE
A4: 3 | B4: atlas-valley-shelter | C4: Atlas Valley Shelter | D4: 1967 | F4: =NOT(ISNUMBER(E4)) -> TRUE | G4: 44.912974 | H4: -72.504879 | I4: =W3WCONVERTTO3WA(G4,H4) -> #ERROR! | J4: Prefab shelter | K4: TRUE
A5: 4 | B5: badger-camp | C5: Badger Camp | D5: 1928 | E5: 1931 | F5: =NOT(ISNUMBER(E5)) -> FALSE | G5: 44.723194 | H5: -72.655229 | J5: Lumber Camp | K5: FALSE
A6: 5 | B6: bamforth-ridge | C6: Bamforth Ridge | D6: 2002 | F6: =NOT(ISNUMBER(E6)) -> TRUE | G6: 44.35056 | H6: -72.86218 | I6: =W3WCONVERTTO3WA(G6,H6) -> #ERROR! | J6: Log Lean-To | K6: TRUE
A7: 6 | B7: barnes-camp | C7: Barnes Camp | D7: 1927 | F7: =NOT(ISNUMBER(E7)) -> TRUE | G7: 44.533123 | H7: -72.788859 | I7: =W3WCONVERTTO3WA(G7,H7) -> #ERROR! | J7: Inn | K7: FALSE
A8: 7 | B8: barrows-camp | C8: Barrows Camp | D8: 1931 | E8: 1994 | F8: =NOT(ISNUMBER(E8)) -> FALSE | G8: 44.68949 | H8: -72.72429 | I8: =W3WCONVERTTO3WA(G8,H8) -> #ERROR! | J8: Buchanan | K8: TRUE
A9: 8 | B9: battell-lodge-1 | C9: Battell Lodge 1st | D9: 1899 | E9: 1917 | F9: =NOT(ISNUMBER(E9)) -> FALSE | G9: 44.111591 | H9: -72.936524 | J9: Log Cabin | K9: FALSE
A10: 9 | B10: battell-lodge-2 | C10: Battell Lodge 2nd | D10: 1926 | E10: 1937 | F10: =NOT(ISNUMBER(E10)) -> FALSE | J10: Log Lean-To | K10: TRUE
A11: 10 | B11: battell-shelter-1 | C11: Battell Shelter 1st | D11: 1938 | E11: 1966 | F11: =NOT(ISNUMBER(E11)) -> FALSE | G11: 44.111685 | H11: -72.936726 | J11: Adirondak | K11: TRUE
A12: 11 | B12: battell-shelter-2 | C12: Battell Shelter 2nd | D12: 1967 | F12: =NOT(ISNUMBER(E12)) -> TRUE | G12: 44.111685 | H12: -72.936726 | I12: =W3WCONVERTTO3WA(G12,H12) -> #ERROR! | J12: Wood Frame | K12: TRUE
A13: 12 | B13: beane-farm | C13: Beane Farm | D13: 1917 | E13: 1966 | F13: =NOT(ISNUMBER(E13)) -> FALSE | G13: 44.247986 | H13: -72.942034 | I13: =W3WCONVERTTO3WA(G13,H13) -> #ERROR! | J13: Private Home | K13: FALSE
A14: 13 | B14: bear-hollow-shelter | C14: Bear Hollow Shelter | D14: 1991 | F14: =NOT(ISNUMBER(E14)) -> TRUE | G14: 44.6047 | H14: -72.717016 | I14: =W3WCONVERTTO3WA(G14,H14) -> #ERROR! | J14: Wood Frame | K14: TRUE
A15: 14 | B15: beaver-meadow-cabin | C15: Beaver Meadow Cabin | D15: 1917 | E15: 1920 | F15: =NOT(ISNUMBER(E15)) -> FALSE | G15: 44.217624 | H15: -72.928989 | J15: Log Cabin | K15: FALSE | L15: On Monroe Skyline near Mollys Starks Balcony, shown on Monroe Skyline Map at GMCHQ
A16: 15 | B16: beaver-meadow-lodge | C16: Beaver Meadow Lodge | D16: 1947 | F16: =NOT(ISNUMBER(E16)) -> TRUE | G16: 44.568218 | H16: -72.742922 | I16: =W3WCONVERTTO3WA(G16,H16) -> #ERROR! | J16: Log Cabin | K16: TRUE
A17: 16 | B17: belvidere-mountain-foresters-cabin | C17: Belvidere Mountain Foresters Cabin | F17: FALSE | G17: 44.77337 | H17: -72.550935 | K17: FALSE
A18: 17 | B18: big-branch-shelter | C18: Big Branch Shelter | D18: 1963 | F18: =NOT(ISNUMBER(E18)) -> TRUE | G18: 43.364039 | H18: -72.945972 | I18: =W3WCONVERTTO3WA(G18,H18) -> #ERROR! | J18: Wood Frame | K18: TRUE
A19: 18 | B19: bigelow-shelter | C19: Bigelow Shelter | D19: 1961 | E19: 1997 | F19: =NOT(ISNUMBER(E19)) -> FALSE | G19: 43.10202 | H19: -72.96649 | I19: =W3WCONVERTTO3WA(G19,H19) -> #ERROR! | K19: TRUE
A20: 19 | B20: birch-glen-camp | C20: Birch Glen Camp | D20: 1930 | F20: =NOT(ISNUMBER(E20)) -> TRUE | G20: 44.236676 | H20: -72.930401 | I20: =W3WCONVERTTO3WA(G20,H20) -> #ERROR! | K20: TRUE
A21: 20 | B21: birch-glen-lodge | C21: Birch Glen Lodge | D21: 1913 | E21: 1930 | F21: =NOT(ISNUMBER(E21)) -> FALSE | G21: 44.236676 | H21: -72.930401 | K21: TRUE
A22: 21 | B22: blowdown-camp | C22: Blowdown Camp | D22: 1924 | E22: 1929 | F22: =NOT(ISNUMBER(E22)) -> FALSE | G22: 43.958735 | H22: -72.968788 | J22: Lumber Camp | K22: FALSE | L22: Loggers
A23: 22 | B23: blue-triangle-camp | C23: Blue Triangle Camp | D23: 1930 | E23: 1949 | F23: =NOT(ISNUMBER(E23)) -> FALSE | G23: 43.565 | H23: -72.847338 | J23: YMCA Canp | K23: TRUE
A24: 24 | B24: bolton-lodge | C24: Bolton Lodge | D24: 1928 | F24: =NOT(ISNUMBER(E24)) -> TRUE | G24: 44.414236 | H24: -72.869638 | I24: =W3WCONVERTTO3WA(G24,H24) -> #ERROR! | J24: Stone | K24: TRUE
A25: 25 | B25: bourn-pond-camp | C25: Bourn Pond Camp | F25: FALSE | G25: 43.103556 | H25: -73.005533 | I25: =W3WCONVERTTO3WA(G25,H25) -> #ERROR! | K25: FALSE
A26: 26 | B26: bourn-pond-shelter-north | C26: North Bourn Pond Shelter | D26: 1965 | E26: 1983 | F26: =NOT(ISNUMBER(E26)) -> FALSE | G26: 43.109808 | H26: -73.00067 | I26: =W3WCONVERTTO3WA(G26,H26) -> #ERROR! | J26: Wooden Frame Shelter | K26: TRUE | L26: NBP Tenting area replaced shelter until 2011 GB
A27: 27 | B27: bourn-pond-shelter-south | C27: South Bourn Pond Shelter | D27: 1957 | E27: 2005 | F27: =NOT(ISNUMBER(E27)) -> FALSE | G27: 43.103556 | H27: -73.005533 | I27: =W3WCONVERTTO3WA(G27,H27) -> #ERROR! | J27: Log Shelter | K27: TRUE | L27: Reconstructed from log fishing camps by Putney Summer Work Camp
A28: 28 | B28: bourn-pond-tenting-areas | C28: Bourn Pond Tenting Areas | D28: 1983 | F28: =NOT(ISNUMBER(E28)) -> TRUE | G28: 43.108142 | H28: -73.002863 | I28: =W3WCONVERTTO3WA(G28,H28) -> #ERROR! | J28: Tenting Area | K28: TRUE
A29: 29 | B29: boyce-shelter-1 | C29: Boyce Shelter 1st | D29: 1926 | E29: 1941 | F29: =NOT(ISNUMBER(E29)) -> FALSE | G29: 43.966863 | H29: -72.94786 | I29: =W3WCONVERTTO3WA(G29,H29) -> #ERROR! | J29: Log Lean-To | K29: TRUE
A30: 30 | B30: boyce-shelter-2 | C30: Boyce Shelter 2nd | D30: 1941 | E30: 1963 | F30: =NOT(ISNUMBER(E30)) -> FALSE | G30: 43.966863 | H30: -72.94786 | I30: =W3WCONVERTTO3WA(G30,H30) -> #ERROR! | J30: Adirondak | K30: TRUE
A31: 31 | B31: boyce-shelter-3 | C31: Boyce Shelter 3rd | D31: 1963 | F31: =NOT(ISNUMBER(E31)) -> TRUE | G31: 43.966863 | H31: -72.94786 | I31: =W3WCONVERTTO3WA(G31,H31) -> #ERROR! | J31: Wood Frame | K31: TRUE
A32: 32 | B32: bread-loaf-inn | C32: Bread Loaf Inn | D32: 1861 | F32: =NOT(ISNUMBER(E32)) -> TRUE | G32: 43.95395 | H32: -72.9933 | I32: =W3WCONVERTTO3WA(G32,H32) -> #ERROR! | J32: Inn | K32: FALSE
A33: 33 | B33: bread-loaf-shelter | C33: Bread Loaf Shelter | D33: 1931 | E33: 1960 | F33: =NOT(ISNUMBER(E33)) -> FALSE | G33: 44.000138 | H33: -72.931148 | J33: Log Lean-To | K33: TRUE
A34: 34 | B34: bromley-camp | C34: Bromley Camp | D34: 1955 | E34: 1984 | F34: =NOT(ISNUMBER(E34)) -> FALSE | G34: 43.2148 | H34: -72.9651 | I34: =W3WCONVERTTO3WA(G34,H34) -> #ERROR! | J34: Buchanan | K34: TRUE
A35: 35 | B35: bromley-lodge | C35: Bromley Lodge | D35: 1933 | E35: 1951 | F35: =NOT(ISNUMBER(E35)) -> FALSE | G35: 43.2148 | H35: -72.9651 | K35: TRUE
A36: 36 | B36: bromley-shelter | C36: Bromley Shelter | D36: 2003 | F36: =NOT(ISNUMBER(E36)) -> TRUE | G36: 43.222469 | H36: -72.95047 | I36: =W3WCONVERTTO3WA(G36,H36) -> #ERROR! | J36: Post and Beam | K36: TRUE | L36: Erik and Laurel Tobiason
A37: 37 | B37: bromley-tenting-area | C37: Bromley Tenting Area | D37: 1985 | E37: 2003 | F37: =NOT(ISNUMBER(E37)) -> FALSE | G37: 43.2148 | H37: -72.9651 | J37: Tenting Area | K37: TRUE
A38: 38 | B38: brushs-farm | C38: Brush's Farm | E38: 1928 | F38: =NOT(ISNUMBER(E38)) -> FALSE | G38: 44.371324 | H38: -72.87976 | J38: Private Home | K38: FALSE
A39: 39 | B39: bryant-cabin | C39: Bryant Cabin | D39: 1930 | F39: =NOT(ISNUMBER(E39)) -> TRUE | G39: 44.43256 | H39: -72.8418 | I39: =W3WCONVERTTO3WA(G39,H39) -> #ERROR! | K39: TRUE
A40: 40 | B40: buchanan-lodge | C40: Buchanan Lodge | D40: 1964 | E40: 1978 | F40: =NOT(ISNUMBER(E40)) -> FALSE | G40: 44.360572 | H40: -72.876468 | J40: Frame cabin | K40: TRUE
A41: 41 | B41: buchanan-shelter | C41: Buchanan Shelter | D41: 1984 | F41: =NOT(ISNUMBER(E41)) -> TRUE | G41: 44.42742 | H41: -72.87652 | I41: =W3WCONVERTTO3WA(G41,H41) -> #ERROR! | J41: Open porch/enclosed bunkroom | K41: TRUE
A42: 42 | B42: buffum-camp | C42: Buffum Camp | D42: 1922 | E42: 1960 | F42: =NOT(ISNUMBER(E42)) -> FALSE | G42: 43.468738 | H42: -72.919285 | J42: Frame shelter | K42: TRUE
A43: 43 | B43: buffum-lodge | C43: Buffum Lodge | D43: 1961 | E43: 1966 | F43: =NOT(ISNUMBER(E43)) -> FALSE | G43: 43.468738 | H43: -72.919285 | J43: Frame cabin | K43: TRUE
A44: 44 | B44: burling-camp | C44: Burling Camp | D44: 1970 | F44: =NOT(ISNUMBER(E44)) -> TRUE | G44: 44.5706 | H44: -72.74245 | I44: =W3WCONVERTTO3WA(G44,H44) -> #ERROR! | J44: Frame cabin | K44: FALSE
A45: 45 | B45: butler-lodge | C45: Butler Lodge | D45: 1933 | F45: =NOT(ISNUMBER(E45)) -> TRUE | G45: 44.5155 | H45: -72.8202 | I45: =W3WCONVERTTO3WA(G45,H45) -> #ERROR! | K45: TRUE
A46: 46 | B46: camels-hump-clearing-huts | C46: Camel's Hump Clearing Huts | D46: 1860 | E46: 1950 | F46: =NOT(ISNUMBER(E46)) -> FALSE | G46: 44.321963 | H46: -72.885574 | I46: =W3WCONVERTTO3WA(G46,H46) -> #ERROR! | J46: Metal Hut | K46: TRUE
A47: 47 | B47: camp-4 | C47: Camp 4 | D47: 1910 | E47: 1926 | F47: =NOT(ISNUMBER(E47)) -> FALSE | G47: 44.423914 | H47: -72.85409 | J47: Lumber Camp | K47: FALSE | L47: See: UVM long trail digital archives:Mountaintop logging camp and Camels Hump from lumber camp, this is likely mill two miles below camp #4
A48: 48 | B48: camp-clarke | C48: Camp Clarke | D48: 1948 | E48: 1956 | F48: =NOT(ISNUMBER(E48)) -> FALSE | G48: 42.349481 | H48: -71.867794 | J48: Back-yard camp | K48: TRUE
A49: 49 | B49: camp-cobb | C49: Camp Cobb | D49: 1945 | E49: 1948 | F49: =NOT(ISNUMBER(E49)) -> FALSE | G49: 42.278847 | H49: -71.802248 | J49: Hunting camp | K49: TRUE
A50: 50 | B50: camp-eleven | C50: Camp Eleven | D50: 1917 | E50: 1926 | F50: =NOT(ISNUMBER(E50)) -> FALSE | G50: 42.951508 | H50: -72.986089 | J50: Lumber Camp | K50: FALSE
A51: 51 | B51: camp-lizzie | C51: Camp Lizzie | D51: 1921 | E51: 1922 | F51: =NOT(ISNUMBER(E51)) -> FALSE | G51: 43.129516 | H51: -72.970144 | J51: Lumber Camp | K51: FALSE
A52: 52 | B52: camp-webster-1 | C52: Camp Webster 1st | D52: 1917 | E52: 1930 | F52: =NOT(ISNUMBER(E52)) -> FALSE | G52: 43.060968 | H52: -72.968153 | J52: Lumber Camp | K52: TRUE | L52: See below
A53: 53 | B53: camp-webster-2 | C53: Camp Webster 2nd | D53: 1924 | E53: 1983 | F53: =NOT(ISNUMBER(E53)) -> FALSE | G53: 43.066379 | H53: -72.952668 | J53: Wood Frame Shelter | K53: TRUE | L53: Called Old Webster and Webster Shelter
A54: 54 | B54: carmel-camp-1 | C54: Carmel Camp 1st | F54: FALSE
A55: 55 | B55: carmel-camp-2 | C55: Carmel Camp 2nd | D55: 1921 | E55: 1947 | F55: =NOT(ISNUMBER(E55)) -> FALSE | G55: 43.76784 | H55: -72.92205 | J55: Wooden Frame Camp | K55: FALSE
A56: 56 | B56: carmel-camp-3 | C56: Carmel Camp 3rd | D56: 1949 | E56: 1976 | F56: =NOT(ISNUMBER(E56)) -> FALSE | G56: 43.76784 | H56: -72.92205 | I56: =W3WCONVERTTO3WA(G56,H56) -> #ERROR! | J56: Steel Building | K56: TRUE
A57: 57 | B57: caughnawaga-shelter | C57: Caughnawaga Shelter | D57: 1931 | E57: 2017 | F57: =NOT(ISNUMBER(E57)) -> FALSE | G57: 43.01553 | H57: -73.0444 | I57: =W3WCONVERTTO3WA(G57,H57) -> #ERROR! | J57: Log Lean-To | K57: TRUE
A58: 58 | B58: cedar-meadow-camp | C58: Cedar Meadow Camp | D58: 1959 | E58: 2010 | F58: =NOT(ISNUMBER(E58)) -> FALSE | G58: 42.233597 | H58: -71.940274 | J58: Wooden Frame | K58: TRUE
A59: 59 | B59: chatfields-boarding-house | C59: Chatfields Boarding House | D59: 1924 | F59: =NOT(ISNUMBER(E59)) -> TRUE | K59: FALSE
A60: 60 | B60: churchill-scott-shelter | C60: Churchill Scott Shelter | D60: 2002 | F60: =NOT(ISNUMBER(E60)) -> TRUE | G60: 43.64492 | H60: -72.85338 | I60: =W3WCONVERTTO3WA(G60,H60) -> #ERROR! | J60: Post and Beam | K60: TRUE | L60: Erik and Laurel Tobiason
A61: 61 | B61: clarendon-camp | C61: Clarendon Camp | D61: 1921 | E61: 1951 | F61: =NOT(ISNUMBER(E61)) -> FALSE | G61: 42.860441 | H61: 73.113795 | I61: =W3WCONVERTTO3WA(G61,H61) -> #ERROR! | J61: Frame Shelter | K61: TRUE
A62: 62 | B62: clarendon-lodge | C62: Clarendon Lodge | D62: 1952 | E62: 1971 | F62: =NOT(ISNUMBER(E62)) -> FALSE | G62: 42.860441 | H62: 73.113795 | J62: Wood Frame | K62: TRUE
A63: 63 | B63: clarendon-shelter | C63: Clarendon Shelter | D63: 1952 | F63: =NOT(ISNUMBER(E63)) -> TRUE | G63: 43.52366 | H63: -72.91264 | I63: =W3WCONVERTTO3WA(G63,H63) -> #ERROR! | J63: Converted Wood Frame Shelter | K63: TRUE
A64: 64 | B64: cloudland-shelter | C64: Cloudland Shelter | D64: 1995 | F64: =NOT(ISNUMBER(E64)) -> TRUE | G64: 43.69207 | H64: -72.49314 | I64: =W3WCONVERTTO3WA(G64,H64) -> #ERROR! | J64: Wood Frame | K64: FALSE
A65: 65 | B65: congdon-shelter | C65: Congdon Shelter | D65: 1967 | F65: =NOT(ISNUMBER(E65)) -> TRUE | G65: 42.848035 | H65: -73.110014 | I65: derivative.importing.kebabs | J65: Wood Frame | K65: TRUE | M65: 10
A66: 66 | B66: cooley-glen-shelter-1 | C66: Cooley Glen Shelter 1st | D66: 1919 | E66: 1947 | F66: =NOT(ISNUMBER(E66)) -> FALSE | G66: 44.049739 | H66: -72.91402 | J66: Log Lean-To | K66: TRUE
A67: 67 | B67: cooley-glen-shelter-2 | C67: Cooley Glen Shelter 2nd | D67: 1949 | E67: 1964 | F67: =NOT(ISNUMBER(E67)) -> FALSE | G67: 44.049739 | H67: -72.91402 | J67: Log Lean-To | K67: TRUE
A68: 68 | B68: cooley-glen-shelter-3 | C68: Cooley Glen Shelter 3rd | D68: 1965 | F68: =NOT(ISNUMBER(E68)) -> TRUE | G68: 44.049739 | H68: -72.91402 | I68: agents.moral.submitting | J68: Wood Frame | K68: TRUE
A69: 69 | B69: cooper-lodge | C69: Cooper Lodge | D69: 1939 | F69: =NOT(ISNUMBER(E69)) -> TRUE | G69: 43.60606 | H69: -72.82245 | I69: =W3WCONVERTTO3WA(G69,H69) -> #ERROR! | J69: Stone | K69: TRUE | L69: Originally called the Stone Hut,see 1937 GB
A70: 70 | B70: corliss-camp | C70: Corliss Camp | D70: 1989 | F70: =NOT(ISNUMBER(E70)) -> TRUE | G70: 44.70602 | H70: -72.68425 | I70: =W3WCONVERTTO3WA(G70,H70) -> #ERROR! | J70: Wooden Frame | K70: TRUE
A71: 71 | B71: cowles-cove-1 | C71: Cowles Cove 1st | D71: 1920 | F71: FALSE | G71: 44.25507 | H71: -72.90549 | J71: Log Shelter | K71: TRUE
A72: 72 | B72: cowles-cove-2 | C72: Cowles Cove 2nd | D72: 1956 | F72: =NOT(ISNUMBER(E72)) -> TRUE | G72: 44.25507 | H72: -72.90549 | I72: =W3WCONVERTTO3WA(G72,H72) -> #ERROR! | J72: Adirondak | K72: TRUE
A73: 73 | B73: david-logan-shelter | C73: David Logan Shelter | D73: 1976 | F73: =NOT(ISNUMBER(E73)) -> TRUE | G73: 43.76789 | H73: -72.9224 | I73: =W3WCONVERTTO3WA(G73,H73) -> #ERROR! | J73: Wood Frame | K73: TRUE
A74: 74 | B74: deer-view-cabin | C74: Deer View Cabin | D74: 1920 | E74: 1929 | F74: =NOT(ISNUMBER(E74)) -> FALSE | G74: 41.257432 | H74: -74.097438 | J74: Wood Frame | K74: TRUE | L74: Replaces OLD Deer View Cabin, also called a camp
A75: 75 | B75: deer-view-shelter | C75: Deer View Shelter | D75: 1959 | E75: 1966 | F75: =NOT(ISNUMBER(E75)) -> FALSE | G75: 42.848035 | H75: -73.110014 | J75: Wood Frame | K75: TRUE
A76: 76 | B76: deers-leap-camp | C76: Deer's Leap Camp | D76: 1923 | E76: 1939 | F76: =NOT(ISNUMBER(E76)) -> FALSE | G76: 43.664404 | H76: -72.832738 | J76: Wood Frame | K76: TRUE
A77: 77 | B77: deers-leap-lodge | C77: Deer's Leap Lodge | D77: 1939 | E77: 1977 | F77: =NOT(ISNUMBER(E77)) -> FALSE | G77: 43.664404 | H77: -72.832738 | J77: Wood Frame | K77: TRUE | L77: Main Structure still standing as Long Trail Inn
A78: 78 | B78: duck-brook-shelter | C78: Duck Brook Shelter | D78: 1966 | F78: =NOT(ISNUMBER(E78)) -> TRUE | G78: 44.39119 | H78: -72.91795 | I78: =W3WCONVERTTO3WA(G78,H78) -> #ERROR! | J78: Wood Frame | K78: TRUE
A79: 79 | B79: dufresne-job | C79: Dufresne Job | D79: 1917 | E79: 1927 | F79: =NOT(ISNUMBER(E79)) -> FALSE | G79: 43.100785 | H79: -72.947481 | J79: Lumber Camp | K79: FALSE
A80: 80 | B80: duncan-camp | C80: Duncan Camp | D80: 1925 | E80: 1925 | F80: =NOT(ISNUMBER(E80)) -> FALSE | G80: 43.234626 | H80: -72.889084 | J80: Barn | K80: FALSE | L80: At Charles Hampton Grant farm in Peru Marge Fish husband researching location.
A81: 81 | B81: dunsmoor-lodge | C81: Dunsmoor Lodge | D81: 1912 | E81: 1932 | F81: =NOT(ISNUMBER(E81)) -> FALSE | G81: 44.43517 | H81: -72.844508 | J81: Open shelter | K81: TRUE
A82: 82 | B82: east-shore-shelter-at-little-rock-pond | C82: East Shore Shelter at Little Rock Pond | D82: 1962 | E82: 1972 | F82: =NOT(ISNUMBER(E82)) -> FALSE | G82: 43.398605 | H82: -72.955398 | J82: Wood Frame | K82: TRUE | L82: Moved south .2 miles and renamed Lula Tye, photo shown is in new location with new name
A83: 83 | B83: ellen-cabin | C83: Ellen Cabin | D83: 1903 | E83: 1926 | F83: =NOT(ISNUMBER(E83)) -> FALSE | G83: 44.160056 | H83: -72.929664 | J83: Logging cabin | K83: FALSE
A84: 84 | B84: emily-proctor-lodge-1 | C84: Emily Proctor Lodge (1st) | D84: 1913 | E84: 1939 | F84: =NOT(ISNUMBER(E84)) -> FALSE | G84: -72.933594 | H84: 44.010254 | J84: Frame cabin | K84: TRUE | L84: EP in Breadloaf Glen
A85: 85 | B85: emily-proctor-lodge-2 | C85: Emily Proctor Lodge (2nd) | D85: 1939 | E85: 1959 | F85: =NOT(ISNUMBER(E85)) -> FALSE | G85: -72.933594 | H85: 44.010254 | J85: Frame cabin | K85: TRUE | L85: 1st cabin rebuilt after 1938 hurricane
A86: 86 | B86: emily-proctor-shelter | C86: Emily Proctor Shelter | D86: 1960 | F86: =NOT(ISNUMBER(E86)) -> TRUE | G86: 44.00147 | H86: -72.93212 | I86: =W3WCONVERTTO3WA(G86,H86) -> #ERROR! | J86: Log shelter | K86: TRUE
A87: 87 | B87: fay-fuller-camp | C87: Fay Fuller Camp | D87: 1930 | E87: 1972 | F87: =NOT(ISNUMBER(E87)) -> FALSE | G87: 42.91258 | H87: -73.11011 | I87: =W3WCONVERTTO3WA(G87,H87) -> #ERROR! | J87: Stone building | K87: TRUE
A88: 88 | B88: fred-h-tucker-camp | C88: Fred H Tucker Camp | D88: 1928 | E88: 1947 | F88: =NOT(ISNUMBER(E88)) -> FALSE | G88: 44.837486 | H88: -72.525414 | J88: Frame Cabin | K88: TRUE
A89: 89 | B89: french-camp | C89: French Camp | D89: 1931 | E89: 1992 | F89: =NOT(ISNUMBER(E89)) -> FALSE | G89: 44.61923 | H89: -72.721655 | J89: Frame cabin | K89: TRUE
A90: 90 | B90: gates-camp | C90: Gates Camp | D90: 1924 | E90: 1935 | F90: =NOT(ISNUMBER(E90)) -> FALSE | G90: 44.599069 | H90: -72.719475 | J90: Logging Camp | K90: TRUE | L90: Same site as Patch Camp according to guidebook
A91: 91 | B91: gifford-woods-state-park-shelters | C91: Gifford Woods State Park Shelters | D91: 1940 | F91: =NOT(ISNUMBER(E91)) -> TRUE | G91: 43.67434 | H91: -72.81242 | I91: =W3WCONVERTTO3WA(G91,H91) -> #ERROR! | J91: Wood frame | K91: FALSE | L91: GF Park is mentioned in 1940 guidebook, the first shelters were built in 1939
A92: 92 | B92: glastenbury-mountain-camp | C92: Glastenbury Mountain Camp | D92: 1929 | E92: 1964 | F92: =NOT(ISNUMBER(E92)) -> FALSE | G92: 43.000438 | H92: -73.082937 | I92: =W3WCONVERTTO3WA(G92,H92) -> #ERROR! | J92: Steel cabin | K92: TRUE
A93: 93 | B93: glastenbury-mountain-forestry-cabin | C93: Glastenbury Mountain Forestry Cabin | D93: 1927 | E93: 1963 | F93: =NOT(ISNUMBER(E93)) -> FALSE | G93: 42.976859 | H93: -73.071654 | J93: Wood frame | K93: FALSE | L93: See: Glastenbury Mountain Cairn Site also 1930 GB by Norman E Muller
A94: 94 | B94: glastenbury-mountain-shelter | C94: Glastenbury Mountain Shelter | D94: 1965 | E94: 1985 | F94: =NOT(ISNUMBER(E94)) -> FALSE | G94: 42.97452 | H94: -73.07288 | I94: =W3WCONVERTTO3WA(G94,H94) -> #ERROR! | J94: Log Lean-to | K94: TRUE
A95: 95 | B95: glen-ellen-lodge | C95: Glen Ellen Lodge | D95: 1933 | F95: =NOT(ISNUMBER(E95)) -> TRUE | G95: 44.17794 | H95: -72.92744 | I95: =W3WCONVERTTO3WA(G95,H95) -> #ERROR! | J95: Log cabin | K95: TRUE
A96: 96 | B96: glen-ellen-shelter | C96: Glen Ellen Shelter | D96: 1919 | E96: 1985 | F96: =NOT(ISNUMBER(E96)) -> FALSE | G96: 44.179667 | H96: -72.930179 | J96: Log Lean-to | K96: TRUE
A97: 97 | B97: goddard-shelter-1 | C97: Goddard Shelter 1st | D97: 1985 | E97: 2004 | F97: =NOT(ISNUMBER(E97)) -> FALSE | G97: 42.983472 | H97: -73.082372 | J97: Log Lean-To | K97: TRUE
A98: 98 | B98: goddard-shelter-2 | C98: Goddard Shelter 2nd | D98: 2004 | F98: =NOT(ISNUMBER(E98)) -> TRUE | G98: 42.983472 | H98: -73.082372 | I98: =W3WCONVERTTO3WA(G98,H98) -> #ERROR! | J98: Wooden Frame | K98: TRUE
A99: 99 | B99: gore-mountain-summit-cabin | C99: Gore Mountain Summit Cabin | F99: =NOT(ISNUMBER(E99)) -> TRUE
A100: 100 | B100: gorham-lodge | C100: Gorham Lodge | D100: 1949 | E100: 2001 | F100: =NOT(ISNUMBER(E100)) -> FALSE | G100: 44.32978 | H100: -72.88234 | I100: =W3WCONVERTTO3WA(G100,H100) -> #ERROR! | J100: Log cabin | K100: TRUE
...

Sheet Sheet2
B1: name | C1: ', | D1: start_year | F1: end_year | G1: ', | H1: is_gmc | I1: ,' | J1: architecture | K1: ',' | L1: notes
A2: update shelters set name=' | B2: =Sheet1!C2 -> Aeolus View Camp | C2: ', start_year= | D2: =Sheet1!D2 -> 1922 | E2: , end_year= | F2: =Sheet1!E2 -> 1932 | G2: , is_gmc= | H2: =IF(Sheet1!K2, 1, 0) -> 1 | I2: , architecture=' | J2: =Sheet1!J2 | K2: ', notes=' | L2: =Sheet1!L2 | M2: ' where shelter_key=' | N2: =Sheet1!B2 -> aeolus-view-camp | O2: '
A3: update shelters set name=' | B3: =Sheet1!C3 -> Aldrich Job Camp | C3: ', start_year= | D3: =Sheet1!D3 -> 1910 | E3: , end_year= | F3: =Sheet1!E3 -> 1930 | G3: , is_gmc= | H3: =IF(Sheet1!K3, 1, 0) -> 0 | I3: , architecture=' | J3: =Sheet1!J3 | K3: ', notes=' | L3: =Sheet1!L3 | M3: ' where shelter_key=' | N3: =Sheet1!B3 -> aldrich-job-camp | O3: '
A4: update shelters set name=' | B4: =Sheet1!C4 -> Atlas Valley Shelter | C4: ', start_year= | D4: =Sheet1!D4 -> 1967 | E4: , end_year= | F4: =Sheet1!E4 | G4: , is_gmc= | H4: =IF(Sheet1!K4, 1, 0) -> 1 | I4: , architecture=' | J4: =Sheet1!J4 -> Prefab shelter | K4: ', notes=' | L4: =Sheet1!L4 | M4: ' where shelter_key=' | N4: =Sheet1!B4 -> atlas-valley-shelter | O4: '
A5: update shelters set name=' | B5: =Sheet1!C5 -> Badger Camp | C5: ', start_year= | D5: =Sheet1!D5 -> 1928 | E5: , end_year= | F5: =Sheet1!E5 -> 1931 | G5: , is_gmc= | H5: =IF(Sheet1!K5, 1, 0) -> 0 | I5: , architecture=' | J5: =Sheet1!J5 -> Lumber Camp | K5: ', notes=' | L5: =Sheet1!L5 | M5: ' where shelter_key=' | N5: =Sheet1!B5 -> badger-camp | O5: '
A6: update shelters set name=' | B6: =Sheet1!C6 -> Bamforth Ridge | C6: ', start_year= | D6: =Sheet1!D6 -> 2002 | E6: , end_year= | F6: =Sheet1!E6 | G6: , is_gmc= | H6: =IF(Sheet1!K6, 1, 0) -> 1 | I6: , architecture=' | J6: =Sheet1!J6 -> Log Lean-To | K6: ', notes=' | L6: =Sheet1!L6 | M6: ' where shelter_key=' | N6: =Sheet1!B6 -> bamforth-ridge | O6: '
A7: update shelters set name=' | B7: =Sheet1!C7 -> Barnes Camp | C7: ', start_year= | D7: =Sheet1!D7 -> 1927 | E7: , end_year= | F7: =Sheet1!E7 | G7: , is_gmc= | H7: =IF(Sheet1!K7, 1, 0) -> 0 | I7: , architecture=' | J7: =Sheet1!J7 -> Inn | K7: ', notes=' | L7: =Sheet1!L7 | M7: ' where shelter_key=' | N7: =Sheet1!B7 -> barnes-camp | O7: '
A8: update shelters set name=' | B8: =Sheet1!C8 -> Barrows Camp | C8: ', start_year= | D8: =Sheet1!D8 -> 1931 | E8: , end_year= | F8: =Sheet1!E8 -> 1994 | G8: , is_gmc= | H8: =IF(Sheet1!K8, 1, 0) -> 1 | I8: , architecture=' | J8: =Sheet1!J8 -> Buchanan | K8: ', notes=' | L8: =Sheet1!L8 | M8: ' where shelter_key=' | N8: =Sheet1!B8 -> barrows-camp | O8: '
A9: update shelters set name=' | B9: =Sheet1!C9 -> Battell Lodge 1st | C9: ', start_year= | D9: =Sheet1!D9 -> 1899 | E9: , end_year= | F9: =Sheet1!E9 -> 1917 | G9: , is_gmc= | H9: =IF(Sheet1!K9, 1, 0) -> 0 | I9: , architecture=' | J9: =Sheet1!J9 -> Log Cabin | K9: ', notes=' | L9: =Sheet1!L9 | M9: ' where shelter_key=' | N9: =Sheet1!B9 -> battell-lodge-1 | O9: '
A10: update shelters set name=' | B10: =Sheet1!C10 -> Battell Lodge 2nd | C10: ', start_year= | D10: =Sheet1!D10 -> 1926 | E10: , end_year= | F10: =Sheet1!E10 -> 1937 | G10: , is_gmc= | H10: =IF(Sheet1!K10, 1, 0) -> 1 | I10: , architecture=' | J10: =Sheet1!J10 -> Log Lean-To | K10: ', notes=' | L10: =Sheet1!L10 | M10: ' where shelter_key=' | N10: =Sheet1!B10 -> battell-lodge-2 | O10: '
A11: update shelters set name=' | B11: =Sheet1!C11 -> Battell Shelter 1st | C11: ', start_year= | D11: =Sheet1!D11 -> 1938 | E11: , end_year= | F11: =Sheet1!E11 -> 1966 | G11: , is_gmc= | H11: =IF(Sheet1!K11, 1, 0) -> 1 | I11: , architecture=' | J11: =Sheet1!J11 -> Adirondak | K11: ', notes=' | L11: =Sheet1!L11 | M11: ' where shelter_key=' | N11: =Sheet1!B11 -> battell-shelter-1 | O11: '
A12: update shelters set name=' | B12: =Sheet1!C12 -> Battell Shelter 2nd | C12: ', start_year= | D12: =Sheet1!D12 -> 1967 | E12: , end_year= | F12: =Sheet1!E12 | G12: , is_gmc= | H12: =IF(Sheet1!K12, 1, 0) -> 1 | I12: , architecture=' | J12: =Sheet1!J12 -> Wood Frame | K12: ', notes=' | L12: =Sheet1!L12 | M12: ' where shelter_key=' | N12: =Sheet1!B12 -> battell-shelter-2 | O12: '
A13: update shelters set name=' | B13: =Sheet1!C13 -> Beane Farm | C13: ', start_year= | D13: =Sheet1!D13 -> 1917 | E13: , end_year= | F13: =Sheet1!E13 -> 1966 | G13: , is_gmc= | H13: =IF(Sheet1!K13, 1, 0) -> 0 | I13: , architecture=' | J13: =Sheet1!J13 -> Private Home | K13: ', notes=' | L13: =Sheet1!L13 | M13: ' where shelter_key=' | N13: =Sheet1!B13 -> beane-farm | O13: '
... A286: update shelters set name=' | B286: =Sheet1!C286 | C286: ', start_year= | D286: =Sheet1!D286 | E286: , end_year= | F286: =Sheet1!E286 | G286: , is_gmc= | H286: =IF(Sheet1!K286, 1, 0) -> 0 | I286: , architecture=' | J286: =Sheet1!J286 | K286: ', notes=' | L286: =Sheet1!L286 | M286: ' where shelter_key=' | N286: =Sheet1!B286 | O286: '
A287: (' | B287: =Sheet1!C289 | C287: ', | G287: ', | H287: =IF(Sheet1!K295, 1, 0) -> 0 | I287: ,' | K287: ',' | M287: ','
A288: (' | B288: =Sheet1!C290 | C288: ', | G288: ', | H288: =IF(Sheet1!K296, 1, 0) -> 0 | I288: ,' | K288: ',' | M288: ','
A289: (' | B289: =Sheet1!C291 | C289: ', | G289: ', | H289: =IF(Sheet1!K297, 1, 0) -> 0 | I289: ,' | K289: ',' | M289: ','
A290: (' | B290: =Sheet1!C292 | C290: ', | G290: ', | H290: =IF(Sheet1!K298, 1, 0) -> 0 | I290: ,' | K290: ',' | M290: ','
A291: (' | B291: =Sheet1!C293 | C291: ', | G291: ', | H291: =IF(Sheet1!K299, 1, 0) -> 0 | I291: ,' | K291: ',' | M291: ','
A292: (' | C292: ', | G292: ', | H292: =IF(Sheet1!K300, 1, 0) -> 0 | I292: ,' | K292: ',' | M292: ','
A293: (' | C293: ', | G293: ', | H293: =IF(Sheet1!K301, 1, 0) -> 0 | I293: ,' | K293: ',' | M293: ','
A294: (' | C294: ', | G294: ', | H294: =IF(Sheet1!K302, 1, 0) -> 0 | I294: ,' | K294: ',' | M294: ','
A295: (' | C295: ', | G295: ', | H295: =IF(Sheet1!K303, 1, 0) -> 0 | I295: ,' | K295: ',' | M295: ','
A296: (' | C296: ', | G296: ', | H296: =IF(Sheet1!K304, 1, 0) -> 0 | I296: ,' | K296: ',' | M296: ','
A297: (' | C297: ', | G297: ', | H297: =IF(Sheet1!K305, 1, 0) -> 0 | I297: ,' | K297: ',' | M297: ','
A298: (' | C298: ', | G298: ', | H298: =IF(Sheet1!K306, 1, 0) -> 0 | I298: ,' | K298: ',' | M298: ','
A299: (' | C299: ', | G299: ', | H299: =IF(Sheet1!K307, 1, 0) -> 0 | I299: ,' | K299: ',' | M299: ','
A300: (' | C300: ', | G300: ', | H300: =IF(Sheet1!K308, 1, 0) -> 0 | I300: ,' | K300: ',' | M300: ','
A301: (' | C301: ', | G301: ', | H301: =IF(Sheet1!K309, 1, 0) -> 0 | I301: ,' | K301: ',' | M301: ','
A302: (' | C302: ', | G302: ', | H302: =IF(Sheet1!K310, 1, 0) -> 0 | I302: ,' | K302: ',' | M302: ','
A303: (' | C303: ', | G303: ', | H303: =IF(Sheet1!K311, 1, 0) -> 0 | I303: ,' | K303: ',' | M303: ','
... A1000: (' | C1000: ', | G1000: ', | H1000: =IF(Sheet1!K1008, 1, 0) -> 0 | I1000: ,' | K1000: ',' | M1000: ','
